codbar,neighborhood,district,grid_point,lat,lon,nearest_bike_parking_m,is_underserved
61,EXPOSICIO,EL PLA DEL REAL,0,39.47445572791973,-0.36710157431435725,169.3,False
61,EXPOSICIO,EL PLA DEL REAL,1,39.47445572791973,-0.3636102277121638,34.1,False
61,EXPOSICIO,EL PLA DEL REAL,2,39.47445572791973,-0.3601188811099703,11.1,False
61,EXPOSICIO,EL PLA DEL REAL,3,39.4771506614447,-0.36710157431435725,21.3,False
61,EXPOSICIO,EL PLA DEL REAL,4,39.4771506614447,-0.3636102277121638,2.2,False
61,EXPOSICIO,EL PLA DEL REAL,5,39.4771506614447,-0.3601188811099703,22.0,False
23,LA GRAN VIA,L'EIXAMPLE,0,39.46393803002726,-0.36861768301845405,29.4,False
23,LA GRAN VIA,L'EIXAMPLE,1,39.46393803002726,-0.3651268679768161,43.1,False
23,LA GRAN VIA,L'EIXAMPLE,2,39.46393803002726,-0.36163605293517814,20.3,False
23,LA GRAN VIA,L'EIXAMPLE,3,39.46663296355223,-0.36861768301845405,22.8,False
23,LA GRAN VIA,L'EIXAMPLE,4,39.46663296355223,-0.3651268679768161,60.5,False
23,LA GRAN VIA,L'EIXAMPLE,5,39.46663296355223,-0.36163605293517814,53.9,False
21,RUSSAFA,L'EIXAMPLE,0,39.45597604733924,-0.37949353362783483,163.6,False
21,RUSSAFA,L'EIXAMPLE,1,39.45867098086421,-0.37949353362783483,203.1,False
21,RUSSAFA,L'EIXAMPLE,2,39.45867098086421,-0.3760029369312045,56.0,False
21,RUSSAFA,L'EIXAMPLE,3,39.45867098086421,-0.3725123402345742,24.2,False
21,RUSSAFA,L'EIXAMPLE,4,39.461365914389184,-0.3760029369312045,39.1,False
21,RUSSAFA,L'EIXAMPLE,5,39.461365914389184,-0.3725123402345742,39.1,False
21,RUSSAFA,L'EIXAMPLE,6,39.461365914389184,-0.36902174353794387,34.7,False
21,RUSSAFA,L'EIXAMPLE,7,39.461365914389184,-0.36553114684131355,39.2,False
21,RUSSAFA,L'EIXAMPLE,8,39.464060847914155,-0.3760029369312045,50.3,False
21,RUSSAFA,L'EIXAMPLE,9,39.464060847914155,-0.3725123402345742,49.6,False
21,RUSSAFA,L'EIXAMPLE,10,39.466755781439126,-0.3760029369312045,47.4,False
94,SANT MARCEL.LI,JESUS,0,39.443235077295455,-0.39255998224455196,116.4,False
94,SANT MARCEL.LI,JESUS,1,39.443235077295455,-0.38907019869008586,59.1,False
94,SANT MARCEL.LI,JESUS,2,39.445930010820426,-0.39255998224455196,47.3,False
94,SANT MARCEL.LI,JESUS,3,39.445930010820426,-0.38907019869008586,81.9,False
13,EL CARME,CIUTAT VELLA,0,39.47683403438336,-0.3824451250742208,134.9,False
13,EL CARME,CIUTAT VELLA,1,39.47683403438336,-0.3789536325953804,60.0,False
13,EL CARME,CIUTAT VELLA,2,39.47952896790833,-0.3824451250742208,64.8,False
13,EL CARME,CIUTAT VELLA,3,39.47952896790833,-0.3789536325953804,17.3,False
13,EL CARME,CIUTAT VELLA,4,39.47952896790833,-0.37546214011654,45.8,False
31,EL BOTANIC,EXTRAMURS,0,39.47339702967649,-0.38522928329357986,33.6,False
31,EL BOTANIC,EXTRAMURS,1,39.47609196320146,-0.38872062973185595,66.0,False
31,EL BOTANIC,EXTRAMURS,2,39.47609196320146,-0.38522928329357986,41.8,False
31,EL BOTANIC,EXTRAMURS,3,39.47878689672643,-0.38522928329357986,37.3,False
114,BETERO,POBLATS MARÍTIMS,0,39.46988163687822,-0.3384944037365963,40.6,False
114,BETERO,POBLATS MARÍTIMS,1,39.46988163687822,-0.3350032661749089,13.5,False
114,BETERO,POBLATS MARÍTIMS,2,39.47257657040319,-0.3350032661749089,34.5,False
114,BETERO,POBLATS MARÍTIMS,3,39.47527150392816,-0.3350032661749089,113.0,False
125,PENYA-ROJA,CAMINS AL GRAU,0,39.4551670299278,-0.34760983007573815,85.5,False
125,PENYA-ROJA,CAMINS AL GRAU,1,39.4551670299278,-0.34411933427387675,35.3,False
125,PENYA-ROJA,CAMINS AL GRAU,2,39.45786196345277,-0.35110032587759954,32.2,False
125,PENYA-ROJA,CAMINS AL GRAU,3,39.45786196345277,-0.34760983007573815,91.8,False
125,PENYA-ROJA,CAMINS AL GRAU,4,39.45786196345277,-0.34411933427387675,68.6,False
125,PENYA-ROJA,CAMINS AL GRAU,5,39.46055689697774,-0.3580813174813223,119.5,False
125,PENYA-ROJA,CAMINS AL GRAU,6,39.46055689697774,-0.35459082167946093,54.9,False
125,PENYA-ROJA,CAMINS AL GRAU,7,39.46055689697774,-0.35110032587759954,80.5,False
125,PENYA-ROJA,CAMINS AL GRAU,8,39.46055689697774,-0.34760983007573815,95.3,False
125,PENYA-ROJA,CAMINS AL GRAU,9,39.46325183050271,-0.3580813174813223,19.1,False
125,PENYA-ROJA,CAMINS AL GRAU,10,39.46325183050271,-0.35459082167946093,26.2,False
123,LA CREU DEL GRAU,CAMINS AL GRAU,0,39.45918474469022,-0.34283019895298616,117.8,False
123,LA CREU DEL GRAU,CAMINS AL GRAU,1,39.46187967821519,-0.3498114469542164,38.7,False
123,LA CREU DEL GRAU,CAMINS AL GRAU,2,39.46187967821519,-0.3463208229536013,115.0,False
123,LA CREU DEL GRAU,CAMINS AL GRAU,3,39.46187967821519,-0.34283019895298616,70.6,False
123,LA CREU DEL GRAU,CAMINS AL GRAU,4,39.46187967821519,-0.33933957495237105,23.4,False
123,LA CREU DEL GRAU,CAMINS AL GRAU,5,39.46457461174016,-0.3498114469542164,72.8,False
133,L'AMISTAT,ALGIRÓS,0,39.47131209816155,-0.3526660262610123,34.2,False
133,L'AMISTAT,ALGIRÓS,1,39.47131209816155,-0.34917485411399685,51.2,False
133,L'AMISTAT,ALGIRÓS,2,39.47400703168652,-0.3526660262610123,30.7,False
133,L'AMISTAT,ALGIRÓS,3,39.47400703168652,-0.34917485411399685,10.1,False
72,SOTERNES,L'OLIVERETA,0,39.470525829525606,-0.4127326293270269,85.5,False
72,SOTERNES,L'OLIVERETA,1,39.470525829525606,-0.4092415433488369,39.8,False
72,SOTERNES,L'OLIVERETA,2,39.470525829525606,-0.40575045737064686,32.8,False
113,LA MALVA-ROSA,POBLATS MARÍTIMS,0,39.475905512100596,-0.3279817879216977,34.6,False
113,LA MALVA-ROSA,POBLATS MARÍTIMS,1,39.475905512100596,-0.32449026305812145,38.8,False
113,LA MALVA-ROSA,POBLATS MARÍTIMS,2,39.47860044562557,-0.3314733127852739,132.0,False
113,LA MALVA-ROSA,POBLATS MARÍTIMS,3,39.47860044562557,-0.3279817879216977,97.2,False
113,LA MALVA-ROSA,POBLATS MARÍTIMS,4,39.47860044562557,-0.32449026305812145,29.4,False
113,LA MALVA-ROSA,POBLATS MARÍTIMS,5,39.48129537915054,-0.3314733127852739,100.1,False
113,LA MALVA-ROSA,POBLATS MARÍTIMS,6,39.48129537915054,-0.3279817879216977,15.8,False
113,LA MALVA-ROSA,POBLATS MARÍTIMS,7,39.48129537915054,-0.32449026305812145,27.3,False
113,LA MALVA-ROSA,POBLATS MARÍTIMS,8,39.48399031267551,-0.3314733127852739,107.9,False
113,LA MALVA-ROSA,POBLATS MARÍTIMS,9,39.48399031267551,-0.3279817879216977,26.2,False
51,MARXALENES,LA SAÏDIA,0,39.4833191284255,-0.3807412638574078,27.8,False
51,MARXALENES,LA SAÏDIA,1,39.48601406195047,-0.38423310404439986,68.2,False
51,MARXALENES,LA SAÏDIA,2,39.48601406195047,-0.3807412638574078,36.3,False
51,MARXALENES,LA SAÏDIA,3,39.48870899547544,-0.3877249442313919,44.5,False
43,EL CALVARI,CAMPANAR,0,39.48688659619075,-0.3916884734946436,73.8,False
43,EL CALVARI,CAMPANAR,1,39.48688659619075,-0.3881965825599767,54.7,False
22,EL PLA DEL REMEI,L'EIXAMPLE,0,39.46630458424614,-0.3731703220820302,39.5,False
22,EL PLA DEL REMEI,L'EIXAMPLE,1,39.46899951777111,-0.3696793328743706,43.2,False
22,EL PLA DEL REMEI,L'EIXAMPLE,2,39.46899951777111,-0.366188343666711,45.4,False
22,EL PLA DEL REMEI,L'EIXAMPLE,3,39.47169445129608,-0.366188343666711,78.4,False
93,LA CREU COBERTA,JESUS,0,39.44863301383555,-0.3878677442257476,34.6,False
93,LA CREU COBERTA,JESUS,1,39.44863301383555,-0.3843776671133987,212.9,False
93,LA CREU COBERTA,JESUS,2,39.45132794736052,-0.3878677442257476,82.9,False
93,LA CREU COBERTA,JESUS,3,39.45132794736052,-0.3843776671133987,64.1,False
54,TORMOS,LA SAÏDIA,0,39.487698127105325,-0.38049357349916446,37.3,False
54,TORMOS,LA SAÏDIA,1,39.490393060630296,-0.38049357349916446,11.5,False
54,TORMOS,LA SAÏDIA,2,39.490393060630296,-0.37700156624880676,9.6,False
52,MORVEDRE,LA SAÏDIA,0,39.48085127200061,-0.37387153170173576,18.5,False
52,MORVEDRE,LA SAÏDIA,1,39.483546205525585,-0.37736327667618724,18.4,False
52,MORVEDRE,LA SAÏDIA,2,39.483546205525585,-0.37387153170173576,96.8,False
52,MORVEDRE,LA SAÏDIA,3,39.486241139050556,-0.37736327667618724,45.1,False
52,MORVEDRE,LA SAÏDIA,4,39.486241139050556,-0.37387153170173576,61.3,False
52,MORVEDRE,LA SAÏDIA,5,39.486241139050556,-0.3703797867272843,47.1,False
42,LES TENDETES,CAMPANAR,0,39.48115357625994,-0.3848780881355865,41.3,False
42,LES TENDETES,CAMPANAR,1,39.48384850978491,-0.3848780881355865,31.8,False
41,CAMPANAR,CAMPANAR,0,39.47646917671957,-0.39652522919797856,92.0,False
41,CAMPANAR,CAMPANAR,1,39.47916411024454,-0.39652522919797856,73.4,False
41,CAMPANAR,CAMPANAR,2,39.47916411024454,-0.3930336359079216,23.2,False
41,CAMPANAR,CAMPANAR,3,39.47916411024454,-0.3895420426178647,98.1,False
41,CAMPANAR,CAMPANAR,4,39.48185904376951,-0.4000168224880355,42.2,False
41,CAMPANAR,CAMPANAR,5,39.48185904376951,-0.39652522919797856,17.8,False
41,CAMPANAR,CAMPANAR,6,39.48185904376951,-0.3930336359079216,55.1,False
41,CAMPANAR,CAMPANAR,7,39.48185904376951,-0.3895420426178647,29.9,False
41,CAMPANAR,CAMPANAR,8,39.48455397729448,-0.39652522919797856,86.7,False
41,CAMPANAR,CAMPANAR,9,39.48455397729448,-0.3930336359079216,121.3,False
41,CAMPANAR,CAMPANAR,10,39.48455397729448,-0.3895420426178647,101.7,False
92,L'HORT DE SENABRE,JESUS,0,39.44888513071332,-0.394398004737193,121.5,False
92,L'HORT DE SENABRE,JESUS,1,39.44888513071332,-0.39090789372153106,49.1,False
92,L'HORT DE SENABRE,JESUS,2,39.45158006423829,-0.39090789372153106,45.9,False
92,L'HORT DE SENABRE,JESUS,3,39.454274997763264,-0.39090789372153106,36.1,False
92,L'HORT DE SENABRE,JESUS,4,39.454274997763264,-0.38741778270586913,119.4,False
162,CIUTAT FALLERA,BENICALAP,0,39.4967656919437,-0.3962434456857185,95.6,False
162,CIUTAT FALLERA,BENICALAP,1,39.49946062546867,-0.39973597239953285,157.8,False
162,CIUTAT FALLERA,BENICALAP,2,39.49946062546867,-0.3962434456857185,128.0,False
162,CIUTAT FALLERA,BENICALAP,3,39.49946062546867,-0.3927509189719042,44.3,False
162,CIUTAT FALLERA,BENICALAP,4,39.50215555899364,-0.3927509189719042,153.0,False
161,BENICALAP,BENICALAP,0,39.4859297334685,-0.39377064490760016,58.1,False
161,BENICALAP,BENICALAP,1,39.48862466699347,-0.3972628384405557,107.7,False
161,BENICALAP,BENICALAP,2,39.48862466699347,-0.39377064490760016,11.5,False
161,BENICALAP,BENICALAP,3,39.48862466699347,-0.3902784513746446,45.1,False
161,BENICALAP,BENICALAP,4,39.491319600518445,-0.3972628384405557,71.9,False
161,BENICALAP,BENICALAP,5,39.491319600518445,-0.39377064490760016,80.6,False
161,BENICALAP,BENICALAP,6,39.491319600518445,-0.3902784513746446,58.9,False
161,BENICALAP,BENICALAP,7,39.491319600518445,-0.3867862578416891,99.4,False
161,BENICALAP,BENICALAP,8,39.491319600518445,-0.38329406430873353,73.5,False
161,BENICALAP,BENICALAP,9,39.494014534043416,-0.40075503197351126,86.6,False
161,BENICALAP,BENICALAP,10,39.494014534043416,-0.3972628384405557,67.1,False
161,BENICALAP,BENICALAP,11,39.494014534043416,-0.39377064490760016,60.0,False
161,BENICALAP,BENICALAP,12,39.494014534043416,-0.3902784513746446,37.0,False
161,BENICALAP,BENICALAP,13,39.494014534043416,-0.3867862578416891,18.5,False
161,BENICALAP,BENICALAP,14,39.494014534043416,-0.38329406430873353,67.1,False
161,BENICALAP,BENICALAP,15,39.49670946756839,-0.39377064490760016,46.7,False
161,BENICALAP,BENICALAP,16,39.49670946756839,-0.3902784513746446,24.1,False
161,BENICALAP,BENICALAP,17,39.49670946756839,-0.3867862578416891,161.5,False
161,BENICALAP,BENICALAP,18,39.49670946756839,-0.38329406430873353,70.0,False
161,BENICALAP,BENICALAP,19,39.49940440109336,-0.3902784513746446,23.7,False
115,NATZARET,POBLATS MARÍTIMS,0,39.43899211201075,-0.33488592983984516,523.7,True
115,NATZARET,POBLATS MARÍTIMS,1,39.44168704553572,-0.33488592983984516,240.7,False
115,NATZARET,POBLATS MARÍTIMS,2,39.444381979060694,-0.33488592983984516,145.6,False
115,NATZARET,POBLATS MARÍTIMS,3,39.444381979060694,-0.3313960801564594,204.3,False
115,NATZARET,POBLATS MARÍTIMS,4,39.447076912585665,-0.33488592983984516,26.0,False
115,NATZARET,POBLATS MARÍTIMS,5,39.447076912585665,-0.3313960801564594,67.6,False
115,NATZARET,POBLATS MARÍTIMS,6,39.447076912585665,-0.32790623047307366,248.3,False
115,NATZARET,POBLATS MARÍTIMS,7,39.449771846110636,-0.33488592983984516,10.4,False
115,NATZARET,POBLATS MARÍTIMS,8,39.449771846110636,-0.3313960801564594,39.4,False
115,NATZARET,POBLATS MARÍTIMS,9,39.45246677963561,-0.33488592983984516,61.0,False
115,NATZARET,POBLATS MARÍTIMS,10,39.45246677963561,-0.3313960801564594,138.5,False
44,SANT PAU,CAMPANAR,0,39.47485787409346,-0.407346006106889,222.2,False
44,SANT PAU,CAMPANAR,1,39.47485787409346,-0.40385413081857807,122.0,False
44,SANT PAU,CAMPANAR,2,39.47485787409346,-0.40036225553026716,92.9,False
44,SANT PAU,CAMPANAR,3,39.47755280761843,-0.4108378813951999,422.4,True
44,SANT PAU,CAMPANAR,4,39.47755280761843,-0.407346006106889,151.8,False
44,SANT PAU,CAMPANAR,5,39.47755280761843,-0.40385413081857807,70.9,False
44,SANT PAU,CAMPANAR,6,39.47755280761843,-0.40036225553026716,14.2,False
44,SANT PAU,CAMPANAR,7,39.4802477411434,-0.4108378813951999,257.1,True
44,SANT PAU,CAMPANAR,8,39.4802477411434,-0.407346006106889,94.3,False
44,SANT PAU,CAMPANAR,9,39.4802477411434,-0.40385413081857807,30.9,False
44,SANT PAU,CAMPANAR,10,39.4802477411434,-0.40036225553026716,53.7,False
44,SANT PAU,CAMPANAR,11,39.48294267466837,-0.4143297566835108,577.2,True
44,SANT PAU,CAMPANAR,12,39.48294267466837,-0.4108378813951999,316.0,True
44,SANT PAU,CAMPANAR,13,39.48294267466837,-0.407346006106889,206.1,False
44,SANT PAU,CAMPANAR,14,39.48294267466837,-0.40385413081857807,62.4,False
44,SANT PAU,CAMPANAR,15,39.48563760819334,-0.4213135072601326,983.7,True
44,SANT PAU,CAMPANAR,16,39.48563760819334,-0.4178216319718217,948.0,True
44,SANT PAU,CAMPANAR,17,39.48563760819334,-0.4143297566835108,739.3,True
44,SANT PAU,CAMPANAR,18,39.48563760819334,-0.4108378813951999,525.9,True
44,SANT PAU,CAMPANAR,19,39.48563760819334,-0.407346006106889,230.4,False
44,SANT PAU,CAMPANAR,20,39.48563760819334,-0.40385413081857807,56.4,False
44,SANT PAU,CAMPANAR,21,39.48563760819334,-0.40036225553026716,16.3,False
44,SANT PAU,CAMPANAR,22,39.48563760819334,-0.39687038024195626,1.0,False
44,SANT PAU,CAMPANAR,23,39.488332541718314,-0.4248053825484435,859.3,True
44,SANT PAU,CAMPANAR,24,39.488332541718314,-0.4213135072601326,699.8,True
44,SANT PAU,CAMPANAR,25,39.488332541718314,-0.4178216319718217,648.6,True
44,SANT PAU,CAMPANAR,26,39.488332541718314,-0.4143297566835108,728.8,True
44,SANT PAU,CAMPANAR,27,39.488332541718314,-0.4108378813951999,448.5,True
44,SANT PAU,CAMPANAR,28,39.488332541718314,-0.407346006106889,190.1,False
44,SANT PAU,CAMPANAR,29,39.488332541718314,-0.40385413081857807,122.1,False
44,SANT PAU,CAMPANAR,30,39.488332541718314,-0.40036225553026716,40.2,False
44,SANT PAU,CAMPANAR,31,39.491027475243285,-0.4213135072601326,437.4,True
44,SANT PAU,CAMPANAR,32,39.491027475243285,-0.4178216319718217,349.7,True
44,SANT PAU,CAMPANAR,33,39.491027475243285,-0.4143297566835108,482.5,True
44,SANT PAU,CAMPANAR,34,39.491027475243285,-0.4108378813951999,427.1,True
44,SANT PAU,CAMPANAR,35,39.491027475243285,-0.407346006106889,161.4,False
44,SANT PAU,CAMPANAR,36,39.491027475243285,-0.40385413081857807,85.1,False
44,SANT PAU,CAMPANAR,37,39.491027475243285,-0.40036225553026716,105.6,False
44,SANT PAU,CAMPANAR,38,39.49372240876826,-0.4248053825484435,561.2,True
44,SANT PAU,CAMPANAR,39,39.49372240876826,-0.4213135072601326,269.4,True
44,SANT PAU,CAMPANAR,40,39.49372240876826,-0.4178216319718217,59.4,False
44,SANT PAU,CAMPANAR,41,39.49372240876826,-0.4143297566835108,337.7,True
44,SANT PAU,CAMPANAR,42,39.49372240876826,-0.4108378813951999,384.3,True
44,SANT PAU,CAMPANAR,43,39.49372240876826,-0.40385413081857807,85.6,False
44,SANT PAU,CAMPANAR,44,39.49641734229323,-0.4248053825484435,302.2,True
44,SANT PAU,CAMPANAR,45,39.49641734229323,-0.4213135072601326,154.5,False
44,SANT PAU,CAMPANAR,46,39.49641734229323,-0.4178216319718217,148.6,False
44,SANT PAU,CAMPANAR,47,39.49641734229323,-0.4143297566835108,390.8,True
121,AIORA,CAMINS AL GRAU,0,39.46310943420492,-0.342493195211149,43.0,False
121,AIORA,CAMINS AL GRAU,1,39.46310943420492,-0.33900237068698824,23.0,False
121,AIORA,CAMINS AL GRAU,2,39.46580436772989,-0.34947484425947056,74.2,False
121,AIORA,CAMINS AL GRAU,3,39.46580436772989,-0.3459840197353098,64.1,False
121,AIORA,CAMINS AL GRAU,4,39.46580436772989,-0.342493195211149,31.6,False
121,AIORA,CAMINS AL GRAU,5,39.46580436772989,-0.33900237068698824,39.6,False
121,AIORA,CAMINS AL GRAU,6,39.46580436772989,-0.33551154616282747,13.3,False
121,AIORA,CAMINS AL GRAU,7,39.46849930125486,-0.34947484425947056,66.2,False
121,AIORA,CAMINS AL GRAU,8,39.46849930125486,-0.3459840197353098,50.5,False
153,SANT LLORENS,RASCANYA,0,39.48817960409364,-0.3640375950936212,53.2,False
153,SANT LLORENS,RASCANYA,1,39.49087453761861,-0.3675299569150524,52.0,False
153,SANT LLORENS,RASCANYA,2,39.49087453761861,-0.3640375950936212,13.4,False
153,SANT LLORENS,RASCANYA,3,39.49087453761861,-0.36054523327219,51.6,False
153,SANT LLORENS,RASCANYA,4,39.49356947114358,-0.3640375950936212,32.2,False
153,SANT LLORENS,RASCANYA,5,39.49356947114358,-0.36054523327219,65.9,False
153,SANT LLORENS,RASCANYA,6,39.49626440466855,-0.3675299569150524,43.2,False
153,SANT LLORENS,RASCANYA,7,39.49626440466855,-0.3640375950936212,69.9,False
153,SANT LLORENS,RASCANYA,8,39.49626440466855,-0.36054523327219,167.0,False
153,SANT LLORENS,RASCANYA,9,39.49626440466855,-0.3570528714507588,244.6,False
153,SANT LLORENS,RASCANYA,10,39.49895933819352,-0.3675299569150524,222.4,False
153,SANT LLORENS,RASCANYA,11,39.49895933819352,-0.3640375950936212,368.3,True
153,SANT LLORENS,RASCANYA,12,39.49895933819352,-0.36054523327219,417.7,True
153,SANT LLORENS,RASCANYA,13,39.49895933819352,-0.3570528714507588,517.2,True
153,SANT LLORENS,RASCANYA,14,39.50165427171849,-0.3675299569150524,484.3,True
153,SANT LLORENS,RASCANYA,15,39.50165427171849,-0.3640375950936212,646.2,True
153,SANT LLORENS,RASCANYA,16,39.50165427171849,-0.36054523327219,700.5,True
153,SANT LLORENS,RASCANYA,17,39.50165427171849,-0.3570528714507588,802.1,True
152,TORREFIEL,RASCANYA,0,39.4916355498664,-0.3815377369230743,13.7,False
152,TORREFIEL,RASCANYA,1,39.4916355498664,-0.37804543325945894,38.1,False
152,TORREFIEL,RASCANYA,2,39.49433048339137,-0.37804543325945894,38.4,False
152,TORREFIEL,RASCANYA,3,39.49433048339137,-0.3745531295958436,57.8,False
152,TORREFIEL,RASCANYA,4,39.497025416916344,-0.37804543325945894,25.7,False
152,TORREFIEL,RASCANYA,5,39.497025416916344,-0.3745531295958436,24.7,False
62,MESTALLA,EL PLA DEL REAL,0,39.46739793883915,-0.3607790457993182,73.9,False
62,MESTALLA,EL PLA DEL REAL,1,39.46739793883915,-0.3572879580122997,8.0,False
62,MESTALLA,EL PLA DEL REAL,2,39.47009287236412,-0.3607790457993182,176.6,False
62,MESTALLA,EL PLA DEL REAL,3,39.47009287236412,-0.3572879580122997,28.3,False
62,MESTALLA,EL PLA DEL REAL,4,39.47278780588909,-0.3642701335863367,78.7,False
62,MESTALLA,EL PLA DEL REAL,5,39.47278780588909,-0.3607790457993182,42.2,False
62,MESTALLA,EL PLA DEL REAL,6,39.47278780588909,-0.3572879580122997,32.0,False
62,MESTALLA,EL PLA DEL REAL,7,39.47278780588909,-0.35379687022528117,20.5,False
62,MESTALLA,EL PLA DEL REAL,8,39.47548273941406,-0.3572879580122997,64.2,False
62,MESTALLA,EL PLA DEL REAL,9,39.47548273941406,-0.35379687022528117,19.4,False
15,EL MERCAT,CIUTAT VELLA,0,39.472258628010394,-0.3795627977853418,25.3,False
15,EL MERCAT,CIUTAT VELLA,1,39.474953561535365,-0.3795627977853418,13.1,False
141,BENIMACLET,BENIMACLET,0,39.47943250802031,-0.35411831559644197,34.5,False
141,BENIMACLET,BENIMACLET,1,39.48212744154528,-0.3576100869272682,24.1,False
141,BENIMACLET,BENIMACLET,2,39.48212744154528,-0.35411831559644197,49.1,False
141,BENIMACLET,BENIMACLET,3,39.48482237507025,-0.36110185825809443,34.8,False
141,BENIMACLET,BENIMACLET,4,39.48482237507025,-0.3576100869272682,41.9,False
141,BENIMACLET,BENIMACLET,5,39.48482237507025,-0.35411831559644197,40.3,False
141,BENIMACLET,BENIMACLET,6,39.48751730859522,-0.3680854009197469,37.4,False
141,BENIMACLET,BENIMACLET,7,39.48751730859522,-0.36110185825809443,6.8,False
141,BENIMACLET,BENIMACLET,8,39.48751730859522,-0.3576100869272682,36.3,False
53,TRINITAT,LA SAÏDIA,0,39.47781708790928,-0.3691073604256628,178.0,False
53,TRINITAT,LA SAÏDIA,1,39.48051202143425,-0.37259898959907223,49.8,False
53,TRINITAT,LA SAÏDIA,2,39.48051202143425,-0.3691073604256628,45.4,False
53,TRINITAT,LA SAÏDIA,3,39.48320695495922,-0.3691073604256628,42.4,False
53,TRINITAT,LA SAÏDIA,4,39.48320695495922,-0.36561573125225333,117.0,False
53,TRINITAT,LA SAÏDIA,5,39.48590188848419,-0.3691073604256628,79.2,False
134,LA VEGA BAIXA,ALGIRÓS,0,39.47531527384863,-0.3521476389082609,32.7,False
134,LA VEGA BAIXA,ALGIRÓS,1,39.47531527384863,-0.3486562836282107,63.9,False
134,LA VEGA BAIXA,ALGIRÓS,2,39.4780102073736,-0.3486562836282107,38.5,False
124,CAMI FONDO,CAMINS AL GRAU,0,39.46339766004575,-0.35187902367954443,86.8,False
124,CAMI FONDO,CAMINS AL GRAU,1,39.46609259357072,-0.3553698044209035,79.7,False
85,FAVARA,PATRAIX,0,39.45391618420966,-0.396839291179478,60.2,False
85,FAVARA,PATRAIX,1,39.45391618420966,-0.39334906683149806,124.4,False
83,VARA DE QUART,PATRAIX,0,39.453657086135735,-0.40911675602756536,346.8,True
83,VARA DE QUART,PATRAIX,1,39.456352019660706,-0.40911675602756536,260.7,True
83,VARA DE QUART,PATRAIX,2,39.456352019660706,-0.40562624204452363,77.6,False
83,VARA DE QUART,PATRAIX,3,39.45904695318568,-0.4126072700106071,213.9,False
83,VARA DE QUART,PATRAIX,4,39.45904695318568,-0.40911675602756536,59.8,False
83,VARA DE QUART,PATRAIX,5,39.45904695318568,-0.40562624204452363,141.3,False
83,VARA DE QUART,PATRAIX,6,39.45904695318568,-0.4021357280614819,53.9,False
83,VARA DE QUART,PATRAIX,7,39.46174188671065,-0.4126072700106071,90.3,False
83,VARA DE QUART,PATRAIX,8,39.46174188671065,-0.40911675602756536,155.1,False
83,VARA DE QUART,PATRAIX,9,39.46174188671065,-0.40562624204452363,156.8,False
83,VARA DE QUART,PATRAIX,10,39.46174188671065,-0.4021357280614819,5.8,False
83,VARA DE QUART,PATRAIX,11,39.46174188671065,-0.39864521407844017,40.2,False
131,L'ILLA PERDUDA,ALGIRÓS,0,39.46729915065971,-0.33847502707380483,60.8,False
131,L'ILLA PERDUDA,ALGIRÓS,1,39.469994084184684,-0.34196600962548496,54.6,False
102,EN CORTS,QUATRE CARRERES,0,39.454931050507064,-0.3740235473730954,70.7,False
102,EN CORTS,QUATRE CARRERES,1,39.454931050507064,-0.37053322093408225,112.4,False
102,EN CORTS,QUATRE CARRERES,2,39.457625984032035,-0.3740235473730954,13.9,False
102,EN CORTS,QUATRE CARRERES,3,39.457625984032035,-0.37053322093408225,70.0,False
11,LA SEU,CIUTAT VELLA,0,39.47755284001671,-0.3740318295314533,23.5,False
112,CABANYAL-CANYAMELAR,POBLATS MARÍTIMS,0,39.464165047392626,-0.33474995188061474,9.5,False
112,CABANYAL-CANYAMELAR,POBLATS MARÍTIMS,1,39.464165047392626,-0.3312589739763023,38.3,False
112,CABANYAL-CANYAMELAR,POBLATS MARÍTIMS,2,39.464165047392626,-0.3277679960719898,79.6,False
112,CABANYAL-CANYAMELAR,POBLATS MARÍTIMS,3,39.464165047392626,-0.32427701816767734,49.2,False
112,CABANYAL-CANYAMELAR,POBLATS MARÍTIMS,4,39.4668599809176,-0.33474995188061474,87.5,False
112,CABANYAL-CANYAMELAR,POBLATS MARÍTIMS,5,39.4668599809176,-0.3312589739763023,35.4,False
112,CABANYAL-CANYAMELAR,POBLATS MARÍTIMS,6,39.4668599809176,-0.3277679960719898,37.4,False
112,CABANYAL-CANYAMELAR,POBLATS MARÍTIMS,7,39.4668599809176,-0.32427701816767734,81.5,False
112,CABANYAL-CANYAMELAR,POBLATS MARÍTIMS,8,39.46955491444257,-0.33474995188061474,37.8,False
112,CABANYAL-CANYAMELAR,POBLATS MARÍTIMS,9,39.46955491444257,-0.3312589739763023,27.8,False
112,CABANYAL-CANYAMELAR,POBLATS MARÍTIMS,10,39.46955491444257,-0.3277679960719898,45.4,False
112,CABANYAL-CANYAMELAR,POBLATS MARÍTIMS,11,39.46955491444257,-0.32427701816767734,28.1,False
112,CABANYAL-CANYAMELAR,POBLATS MARÍTIMS,12,39.47224984796754,-0.3312589739763023,23.6,False
112,CABANYAL-CANYAMELAR,POBLATS MARÍTIMS,13,39.47224984796754,-0.3277679960719898,13.1,False
112,CABANYAL-CANYAMELAR,POBLATS MARÍTIMS,14,39.47224984796754,-0.32427701816767734,51.6,False
112,CABANYAL-CANYAMELAR,POBLATS MARÍTIMS,15,39.47494478149251,-0.3312589739763023,105.7,False
16,SANT FRANCESC,CIUTAT VELLA,0,39.468472670212904,-0.3783281179596872,28.6,False
16,SANT FRANCESC,CIUTAT VELLA,1,39.468472670212904,-0.37483707401983396,38.3,False
16,SANT FRANCESC,CIUTAT VELLA,2,39.471167603737875,-0.3783281179596872,38.6,False
16,SANT FRANCESC,CIUTAT VELLA,3,39.471167603737875,-0.37483707401983396,38.4,False
16,SANT FRANCESC,CIUTAT VELLA,4,39.471167603737875,-0.37134603007998074,39.8,False
91,LA RAIOSA,JESUS,0,39.45489122683947,-0.3850831140282422,10.2,False
91,LA RAIOSA,JESUS,1,39.45489122683947,-0.3815926988673076,173.7,False
91,LA RAIOSA,JESUS,2,39.45758616036444,-0.38857352918917676,86.7,False
91,LA RAIOSA,JESUS,3,39.45758616036444,-0.3850831140282422,109.0,False
91,LA RAIOSA,JESUS,4,39.460281093889414,-0.38857352918917676,41.5,False
105,NA ROVELLA,QUATRE CARRERES,0,39.448953315572155,-0.36985926628930665,63.8,False
105,NA ROVELLA,QUATRE CARRERES,1,39.448953315572155,-0.36636908673986596,48.9,False
105,NA ROVELLA,QUATRE CARRERES,2,39.451648249097126,-0.36985926628930665,58.2,False
105,NA ROVELLA,QUATRE CARRERES,3,39.451648249097126,-0.36636908673986596,46.4,False
105,NA ROVELLA,QUATRE CARRERES,4,39.4543431826221,-0.36636908673986596,68.1,False
105,NA ROVELLA,QUATRE CARRERES,5,39.4543431826221,-0.36287890719042526,91.6,False
105,NA ROVELLA,QUATRE CARRERES,6,39.45703811614707,-0.35938872764098456,76.4,False
82,SANT ISIDRE,PATRAIX,0,39.45168726013967,-0.40746341245252055,204.6,False
82,SANT ISIDRE,PATRAIX,1,39.45168726013967,-0.4039732167018857,48.3,False
82,SANT ISIDRE,PATRAIX,2,39.45438219366464,-0.4039732167018857,43.8,False
82,SANT ISIDRE,PATRAIX,3,39.45438219366464,-0.4004830209512508,69.3,False
95,CAMI REAL,JESUS,0,39.438537724898,-0.3901495033867288,272.1,True
95,CAMI REAL,JESUS,1,39.44123265842297,-0.39712906580533025,162.5,False
95,CAMI REAL,JESUS,2,39.44123265842297,-0.39363928459602954,189.6,False
95,CAMI REAL,JESUS,3,39.44123265842297,-0.3901495033867288,18.3,False
95,CAMI REAL,JESUS,4,39.44123265842297,-0.3866597221774281,274.1,True
95,CAMI REAL,JESUS,5,39.44392759194794,-0.40061884701463096,278.5,True
95,CAMI REAL,JESUS,6,39.44392759194794,-0.39712906580533025,164.7,False
95,CAMI REAL,JESUS,7,39.44392759194794,-0.39363928459602954,46.4,False
95,CAMI REAL,JESUS,8,39.44392759194794,-0.3866597221774281,112.3,False
95,CAMI REAL,JESUS,9,39.44662252547291,-0.4041086282239317,478.7,True
95,CAMI REAL,JESUS,10,39.44662252547291,-0.40061884701463096,388.6,True
95,CAMI REAL,JESUS,11,39.44662252547291,-0.39712906580533025,134.6,False
95,CAMI REAL,JESUS,12,39.44662252547291,-0.39363928459602954,105.3,False
95,CAMI REAL,JESUS,13,39.44931745899788,-0.4041086282239317,180.6,False
95,CAMI REAL,JESUS,14,39.44931745899788,-0.40061884701463096,280.5,True
95,CAMI REAL,JESUS,15,39.44931745899788,-0.39712906580533025,117.7,False
95,CAMI REAL,JESUS,16,39.45201239252285,-0.40061884701463096,216.6,False
71,NOU MOLES,L'OLIVERETA,0,39.46835375007819,-0.3947997815587868,37.4,False
71,NOU MOLES,L'OLIVERETA,1,39.46835375007819,-0.39130867337062647,45.6,False
71,NOU MOLES,L'OLIVERETA,2,39.47104868360316,-0.4017819979351075,49.2,False
71,NOU MOLES,L'OLIVERETA,3,39.47104868360316,-0.39829088974694715,22.6,False
71,NOU MOLES,L'OLIVERETA,4,39.47104868360316,-0.3947997815587868,33.9,False
71,NOU MOLES,L'OLIVERETA,5,39.47374361712813,-0.40527310612326783,61.0,False
71,NOU MOLES,L'OLIVERETA,6,39.47374361712813,-0.4017819979351075,14.4,False
71,NOU MOLES,L'OLIVERETA,7,39.47374361712813,-0.39829088974694715,22.5,False
151,ELS ORRIOLS,RASCANYA,0,39.48932049815357,-0.36864533886331147,114.0,False
151,ELS ORRIOLS,RASCANYA,1,39.49201543167854,-0.37213759802071383,64.9,False
151,ELS ORRIOLS,RASCANYA,2,39.49471036520351,-0.36864533886331147,28.2,False
151,ELS ORRIOLS,RASCANYA,3,39.49740529872848,-0.36864533886331147,59.0,False
55,SANT ANTONI,LA SAÏDIA,0,39.487700787764595,-0.37552110429177066,16.6,False
55,SANT ANTONI,LA SAÏDIA,1,39.487700787764595,-0.37202912666396387,43.8,False
55,SANT ANTONI,LA SAÏDIA,2,39.490395721289566,-0.37202912666396387,15.5,False
33,LA PETXINA,EXTRAMURS,0,39.470428152939135,-0.3910289500397613,57.5,False
33,LA PETXINA,EXTRAMURS,1,39.473123086464106,-0.3910289500397613,46.6,False
33,LA PETXINA,EXTRAMURS,2,39.473123086464106,-0.3875377325314135,56.3,False
33,LA PETXINA,EXTRAMURS,3,39.47581801998908,-0.3945201675481091,74.6,False
33,LA PETXINA,EXTRAMURS,4,39.47581801998908,-0.3910289500397613,86.0,False
14,EL PILAR,CIUTAT VELLA,0,39.471942414872835,-0.382422292514718,32.1,False
14,EL PILAR,CIUTAT VELLA,1,39.474637348397806,-0.382422292514718,31.4,False
122,ALBORS,CAMINS AL GRAU,0,39.46688539375896,-0.35479478661463104,19.9,False
122,ALBORS,CAMINS AL GRAU,1,39.46688539375896,-0.35130382146489514,34.6,False
122,ALBORS,CAMINS AL GRAU,2,39.46958032728393,-0.35479478661463104,49.5,False
122,ALBORS,CAMINS AL GRAU,3,39.46958032728393,-0.35130382146489514,7.9,False
32,LA ROQUETA,EXTRAMURS,0,39.464390997265845,-0.37885724140018423,57.3,False
32,LA ROQUETA,EXTRAMURS,1,39.467085930790816,-0.3823481047363774,6.8,False
32,LA ROQUETA,EXTRAMURS,2,39.467085930790816,-0.37885724140018423,85.5,False
73,TRES FORQUES,L'OLIVERETA,0,39.464843990978686,-0.40436052874368406,81.8,False
73,TRES FORQUES,L'OLIVERETA,1,39.464843990978686,-0.4008696725312642,29.1,False
73,TRES FORQUES,L'OLIVERETA,2,39.464843990978686,-0.39737881631884436,58.0,False
73,TRES FORQUES,L'OLIVERETA,3,39.46753892450366,-0.40436052874368406,137.7,False
73,TRES FORQUES,L'OLIVERETA,4,39.46753892450366,-0.4008696725312642,41.1,False
73,TRES FORQUES,L'OLIVERETA,5,39.46753892450366,-0.39737881631884436,64.8,False
81,PATRAIX,PATRAIX,0,39.460514183076896,-0.3921652238109783,46.3,False
81,PATRAIX,PATRAIX,1,39.460514183076896,-0.38867455080954383,37.6,False
81,PATRAIX,PATRAIX,2,39.46320911660187,-0.39565589681241276,40.0,False
81,PATRAIX,PATRAIX,3,39.46320911660187,-0.3921652238109783,24.5,False
81,PATRAIX,PATRAIX,4,39.46320911660187,-0.38867455080954383,58.1,False
81,PATRAIX,PATRAIX,5,39.46590405012684,-0.3921652238109783,44.1,False
104,LA FONTETA S.LLUIS,QUATRE CARRERES,0,39.44233791119573,-0.3677699557677936,46.6,False
104,LA FONTETA S.LLUIS,QUATRE CARRERES,1,39.4450328447207,-0.3677699557677936,67.2,False
106,LA PUNTA,QUATRE CARRERES,0,39.42768923518705,-0.3405120588497044,377.5,True
106,LA PUNTA,QUATRE CARRERES,1,39.42768923518705,-0.33702245039226636,511.4,True
106,LA PUNTA,QUATRE CARRERES,2,39.430384168712024,-0.34749127576458055,870.4,True
106,LA PUNTA,QUATRE CARRERES,3,39.430384168712024,-0.3440016673071425,719.3,True
106,LA PUNTA,QUATRE CARRERES,4,39.430384168712024,-0.3405120588497044,675.8,True
106,LA PUNTA,QUATRE CARRERES,5,39.430384168712024,-0.33702245039226636,758.7,True
106,LA PUNTA,QUATRE CARRERES,6,39.433079102236995,-0.3544704926794567,732.2,True
106,LA PUNTA,QUATRE CARRERES,7,39.433079102236995,-0.3509808842220186,979.1,True
106,LA PUNTA,QUATRE CARRERES,8,39.433079102236995,-0.34749127576458055,1118.7,True
106,LA PUNTA,QUATRE CARRERES,9,39.433079102236995,-0.3440016673071425,1005.5,True
106,LA PUNTA,QUATRE CARRERES,10,39.433079102236995,-0.3405120588497044,974.9,True
106,LA PUNTA,QUATRE CARRERES,11,39.433079102236995,-0.33702245039226636,1034.1,True
106,LA PUNTA,QUATRE CARRERES,12,39.435774035761966,-0.36842892650920894,745.7,True
106,LA PUNTA,QUATRE CARRERES,13,39.435774035761966,-0.3649393180517709,632.8,True
106,LA PUNTA,QUATRE CARRERES,14,39.435774035761966,-0.3614497095943328,648.9,True
106,LA PUNTA,QUATRE CARRERES,15,39.435774035761966,-0.35796010113689475,788.3,True
106,LA PUNTA,QUATRE CARRERES,16,39.435774035761966,-0.3544704926794567,954.9,True
106,LA PUNTA,QUATRE CARRERES,17,39.435774035761966,-0.3509808842220186,997.3,True
106,LA PUNTA,QUATRE CARRERES,18,39.435774035761966,-0.34749127576458055,850.8,True
106,LA PUNTA,QUATRE CARRERES,19,39.435774035761966,-0.3440016673071425,795.5,True
106,LA PUNTA,QUATRE CARRERES,20,39.435774035761966,-0.3405120588497044,849.4,True
106,LA PUNTA,QUATRE CARRERES,21,39.435774035761966,-0.33702245039226636,918.6,True
106,LA PUNTA,QUATRE CARRERES,22,39.43846896928694,-0.36842892650920894,473.4,True
106,LA PUNTA,QUATRE CARRERES,23,39.43846896928694,-0.3649393180517709,511.5,True
106,LA PUNTA,QUATRE CARRERES,24,39.43846896928694,-0.3614497095943328,692.0,True
106,LA PUNTA,QUATRE CARRERES,25,39.43846896928694,-0.35796010113689475,935.7,True
106,LA PUNTA,QUATRE CARRERES,26,39.43846896928694,-0.3544704926794567,1028.5,True
106,LA PUNTA,QUATRE CARRERES,27,39.43846896928694,-0.3509808842220186,779.4,True
106,LA PUNTA,QUATRE CARRERES,28,39.43846896928694,-0.34749127576458055,580.4,True
106,LA PUNTA,QUATRE CARRERES,29,39.43846896928694,-0.3440016673071425,495.9,True
106,LA PUNTA,QUATRE CARRERES,30,39.43846896928694,-0.3405120588497044,578.3,True
106,LA PUNTA,QUATRE CARRERES,31,39.43846896928694,-0.33702245039226636,642.7,True
106,LA PUNTA,QUATRE CARRERES,32,39.44116390281191,-0.36842892650920894,187.2,False
106,LA PUNTA,QUATRE CARRERES,33,39.44116390281191,-0.3649393180517709,269.4,True
106,LA PUNTA,QUATRE CARRERES,34,39.44116390281191,-0.3614497095943328,538.3,True
106,LA PUNTA,QUATRE CARRERES,35,39.44116390281191,-0.35796010113689475,828.5,True
106,LA PUNTA,QUATRE CARRERES,36,39.44116390281191,-0.3544704926794567,922.1,True
106,LA PUNTA,QUATRE CARRERES,37,39.44116390281191,-0.3509808842220186,632.5,True
106,LA PUNTA,QUATRE CARRERES,38,39.44116390281191,-0.34749127576458055,359.9,True
106,LA PUNTA,QUATRE CARRERES,39,39.44116390281191,-0.3440016673071425,196.2,False
106,LA PUNTA,QUATRE CARRERES,40,39.44116390281191,-0.3405120588497044,356.5,True
106,LA PUNTA,QUATRE CARRERES,41,39.44116390281191,-0.33702245039226636,402.4,True
106,LA PUNTA,QUATRE CARRERES,42,39.44385883633688,-0.3649393180517709,246.4,False
106,LA PUNTA,QUATRE CARRERES,43,39.44385883633688,-0.3614497095943328,529.4,True
106,LA PUNTA,QUATRE CARRERES,44,39.44385883633688,-0.35796010113689475,695.0,True
106,LA PUNTA,QUATRE CARRERES,45,39.44385883633688,-0.3544704926794567,847.6,True
106,LA PUNTA,QUATRE CARRERES,46,39.44385883633688,-0.3509808842220186,610.2,True
106,LA PUNTA,QUATRE CARRERES,47,39.44385883633688,-0.34749127576458055,318.9,True
106,LA PUNTA,QUATRE CARRERES,48,39.44385883633688,-0.3440016673071425,103.5,False
106,LA PUNTA,QUATRE CARRERES,49,39.44385883633688,-0.3405120588497044,315.1,True
106,LA PUNTA,QUATRE CARRERES,50,39.44385883633688,-0.33702245039226636,279.1,True
106,LA PUNTA,QUATRE CARRERES,51,39.44655376986185,-0.3614497095943328,316.6,True
106,LA PUNTA,QUATRE CARRERES,52,39.44655376986185,-0.35796010113689475,428.0,True
106,LA PUNTA,QUATRE CARRERES,53,39.44655376986185,-0.3544704926794567,644.3,True
106,LA PUNTA,QUATRE CARRERES,54,39.44655376986185,-0.3509808842220186,693.3,True
106,LA PUNTA,QUATRE CARRERES,55,39.44655376986185,-0.34749127576458055,503.5,True
106,LA PUNTA,QUATRE CARRERES,56,39.44655376986185,-0.3440016673071425,403.1,True
106,LA PUNTA,QUATRE CARRERES,57,39.44655376986185,-0.3405120588497044,389.9,True
106,LA PUNTA,QUATRE CARRERES,58,39.44655376986185,-0.33702245039226636,97.9,False
106,LA PUNTA,QUATRE CARRERES,59,39.44924870338682,-0.35796010113689475,232.9,False
106,LA PUNTA,QUATRE CARRERES,60,39.44924870338682,-0.3544704926794567,450.9,True
106,LA PUNTA,QUATRE CARRERES,61,39.44924870338682,-0.3509808842220186,421.4,True
106,LA PUNTA,QUATRE CARRERES,62,39.44924870338682,-0.34749127576458055,324.0,True
106,LA PUNTA,QUATRE CARRERES,63,39.44924870338682,-0.3440016673071425,261.4,True
106,LA PUNTA,QUATRE CARRERES,64,39.44924870338682,-0.3405120588497044,235.8,False
106,LA PUNTA,QUATRE CARRERES,65,39.44924870338682,-0.33702245039226636,173.6,False
106,LA PUNTA,QUATRE CARRERES,66,39.45194363691179,-0.3544704926794567,235.4,False
106,LA PUNTA,QUATRE CARRERES,67,39.45194363691179,-0.3509808842220186,151.6,False
106,LA PUNTA,QUATRE CARRERES,68,39.45194363691179,-0.34749127576458055,33.6,False
106,LA PUNTA,QUATRE CARRERES,69,39.45194363691179,-0.3440016673071425,50.0,False
106,LA PUNTA,QUATRE CARRERES,70,39.45194363691179,-0.3405120588497044,198.5,False
106,LA PUNTA,QUATRE CARRERES,71,39.45194363691179,-0.33702245039226636,82.8,False
135,LA CARRASCA,ALGIRÓS,0,39.47242196907235,-0.3389590680536076,40.8,False
135,LA CARRASCA,ALGIRÓS,1,39.47511690259732,-0.34245062648563057,107.2,False
135,LA CARRASCA,ALGIRÓS,2,39.47511690259732,-0.3389590680536076,108.0,False
135,LA CARRASCA,ALGIRÓS,3,39.47781183612229,-0.34594218491765355,64.3,False
135,LA CARRASCA,ALGIRÓS,4,39.47781183612229,-0.34245062648563057,22.7,False
135,LA CARRASCA,ALGIRÓS,5,39.47781183612229,-0.3389590680536076,175.0,False
135,LA CARRASCA,ALGIRÓS,6,39.47781183612229,-0.3354675096215846,152.2,False
135,LA CARRASCA,ALGIRÓS,7,39.48050676964726,-0.34943374334967653,129.4,False
135,LA CARRASCA,ALGIRÓS,8,39.48050676964726,-0.34594218491765355,187.3,False
135,LA CARRASCA,ALGIRÓS,9,39.48050676964726,-0.34245062648563057,140.1,False
135,LA CARRASCA,ALGIRÓS,10,39.48050676964726,-0.3389590680536076,192.8,False
135,LA CARRASCA,ALGIRÓS,11,39.48050676964726,-0.3354675096215846,168.0,False
135,LA CARRASCA,ALGIRÓS,12,39.483201703172234,-0.34594218491765355,307.8,True
135,LA CARRASCA,ALGIRÓS,13,39.483201703172234,-0.34245062648563057,175.6,False
135,LA CARRASCA,ALGIRÓS,14,39.483201703172234,-0.3389590680536076,115.2,False
135,LA CARRASCA,ALGIRÓS,15,39.483201703172234,-0.3354675096215846,198.3,False
135,LA CARRASCA,ALGIRÓS,16,39.485896636697206,-0.34245062648563057,400.9,True
135,LA CARRASCA,ALGIRÓS,17,39.485896636697206,-0.3389590680536076,391.4,True
135,LA CARRASCA,ALGIRÓS,18,39.485896636697206,-0.3354675096215846,479.6,True
132,CIUTAT JARDI,ALGIRÓS,0,39.46987814587532,-0.3476483144312327,35.7,False
132,CIUTAT JARDI,ALGIRÓS,1,39.46987814587532,-0.34415717635845994,42.4,False
132,CIUTAT JARDI,ALGIRÓS,2,39.47257307940029,-0.3476483144312327,35.9,False
132,CIUTAT JARDI,ALGIRÓS,3,39.47257307940029,-0.34415717635845994,33.2,False
132,CIUTAT JARDI,ALGIRÓS,4,39.47257307940029,-0.3406660382856872,80.1,False
75,LA LLUM,L'OLIVERETA,0,39.4672640454162,-0.41291992233457037,21.6,False
12,LA XEREA,CIUTAT VELLA,0,39.47282558917423,-0.3738083150812603,51.2,False
12,LA XEREA,CIUTAT VELLA,1,39.47282558917423,-0.3703170685955688,17.7,False
12,LA XEREA,CIUTAT VELLA,2,39.47282558917423,-0.3668258221098773,56.5,False
12,LA XEREA,CIUTAT VELLA,3,39.4755205226992,-0.3703170685955688,43.9,False
101,MONT-OLIVET,QUATRE CARRERES,0,39.45662617877373,-0.3674990514889827,35.4,False
101,MONT-OLIVET,QUATRE CARRERES,1,39.45662617877373,-0.36400854556878204,27.4,False
101,MONT-OLIVET,QUATRE CARRERES,2,39.4593211122987,-0.3674990514889827,5.6,False
101,MONT-OLIVET,QUATRE CARRERES,3,39.4593211122987,-0.36400854556878204,51.4,False
101,MONT-OLIVET,QUATRE CARRERES,4,39.4593211122987,-0.36051803964858137,41.0,False
101,MONT-OLIVET,QUATRE CARRERES,5,39.462016045823674,-0.36051803964858137,19.5,False
84,SAFRANAR,PATRAIX,0,39.45593148431096,-0.3971163976541071,117.0,False
84,SAFRANAR,PATRAIX,1,39.45862641783593,-0.40060685572038307,93.3,False
84,SAFRANAR,PATRAIX,2,39.45862641783593,-0.3971163976541071,70.5,False
84,SAFRANAR,PATRAIX,3,39.45862641783593,-0.39362593958783115,90.5,False
84,SAFRANAR,PATRAIX,4,39.4613213513609,-0.3971163976541071,88.5,False
63,JAUME ROIG,EL PLA DEL REAL,0,39.48035900663798,-0.3646847311106752,71.5,False
63,JAUME ROIG,EL PLA DEL REAL,1,39.48035900663798,-0.36119310316213954,35.6,False
64,CIUTAT UNIVERSITARIA,EL PLA DEL REAL,0,39.47719826338587,-0.3564051996983695,23.0,False
64,CIUTAT UNIVERSITARIA,EL PLA DEL REAL,1,39.479893196910844,-0.3633881350145507,42.9,False
64,CIUTAT UNIVERSITARIA,EL PLA DEL REAL,2,39.479893196910844,-0.3598966673564601,92.6,False
34,ARRANCAPINS,EXTRAMURS,0,39.45867098086421,-0.38281803608147225,120.4,False
34,ARRANCAPINS,EXTRAMURS,1,39.461365914389184,-0.38281803608147225,11.9,False
34,ARRANCAPINS,EXTRAMURS,2,39.461365914389184,-0.37932729352787153,65.2,False
34,ARRANCAPINS,EXTRAMURS,3,39.464060847914155,-0.38630877863507296,65.1,False
34,ARRANCAPINS,EXTRAMURS,4,39.464060847914155,-0.38281803608147225,54.2,False
34,ARRANCAPINS,EXTRAMURS,5,39.466755781439126,-0.38979952118867367,30.4,False
34,ARRANCAPINS,EXTRAMURS,6,39.466755781439126,-0.38630877863507296,7.7,False
34,ARRANCAPINS,EXTRAMURS,7,39.466755781439126,-0.38281803608147225,58.5,False
34,ARRANCAPINS,EXTRAMURS,8,39.4694507149641,-0.38979952118867367,34.6,False
34,ARRANCAPINS,EXTRAMURS,9,39.4694507149641,-0.38630877863507296,37.6,False
107,CIUTAT DE LES ARTS I DE LES CIENCIES,QUATRE CARRERES,0,39.44844077009492,-0.3661177064375878,103.8,False
107,CIUTAT DE LES ARTS I DE LES CIENCIES,QUATRE CARRERES,1,39.45113570361989,-0.3626274781104473,132.3,False
107,CIUTAT DE LES ARTS I DE LES CIENCIES,QUATRE CARRERES,2,39.45113570361989,-0.35913724978330686,2.4,False
107,CIUTAT DE LES ARTS I DE LES CIENCIES,QUATRE CARRERES,3,39.45383063714486,-0.35913724978330686,32.0,False
107,CIUTAT DE LES ARTS I DE LES CIENCIES,QUATRE CARRERES,4,39.45383063714486,-0.3556470214561664,31.9,False
107,CIUTAT DE LES ARTS I DE LES CIENCIES,QUATRE CARRERES,5,39.45383063714486,-0.3521567931290259,48.3,False
107,CIUTAT DE LES ARTS I DE LES CIENCIES,QUATRE CARRERES,6,39.45383063714486,-0.34866656480188546,137.6,False
107,CIUTAT DE LES ARTS I DE LES CIENCIES,QUATRE CARRERES,7,39.45652557066983,-0.35913724978330686,93.3,False
107,CIUTAT DE LES ARTS I DE LES CIENCIES,QUATRE CARRERES,8,39.45652557066983,-0.3556470214561664,15.9,False
107,CIUTAT DE LES ARTS I DE LES CIENCIES,QUATRE CARRERES,9,39.45652557066983,-0.3521567931290259,76.6,False
107,CIUTAT DE LES ARTS I DE LES CIENCIES,QUATRE CARRERES,10,39.4592205041948,-0.3556470214561664,148.1,False
103,MALILLA,QUATRE CARRERES,0,39.43686650631359,-0.38192037954183417,670.6,True
103,MALILLA,QUATRE CARRERES,1,39.43686650631359,-0.37843060693178826,499.0,True
103,MALILLA,QUATRE CARRERES,2,39.43686650631359,-0.37494083432174236,477.4,True
103,MALILLA,QUATRE CARRERES,3,39.43686650631359,-0.37145106171169645,619.2,True
103,MALILLA,QUATRE CARRERES,4,39.43956143983856,-0.38541015215188007,452.7,True
103,MALILLA,QUATRE CARRERES,5,39.43956143983856,-0.38192037954183417,555.9,True
103,MALILLA,QUATRE CARRERES,6,39.43956143983856,-0.37843060693178826,374.1,True
103,MALILLA,QUATRE CARRERES,7,39.43956143983856,-0.37494083432174236,388.0,True
103,MALILLA,QUATRE CARRERES,8,39.43956143983856,-0.37145106171169645,488.3,True
103,MALILLA,QUATRE CARRERES,9,39.442256373363534,-0.38192037954183417,434.8,True
103,MALILLA,QUATRE CARRERES,10,39.442256373363534,-0.37843060693178826,141.4,False
103,MALILLA,QUATRE CARRERES,11,39.442256373363534,-0.37494083432174236,174.9,False
103,MALILLA,QUATRE CARRERES,12,39.442256373363534,-0.37145106171169645,292.6,True
103,MALILLA,QUATRE CARRERES,13,39.444951306888505,-0.38192037954183417,174.7,False
103,MALILLA,QUATRE CARRERES,14,39.444951306888505,-0.37843060693178826,119.3,False
103,MALILLA,QUATRE CARRERES,15,39.444951306888505,-0.37494083432174236,72.2,False
103,MALILLA,QUATRE CARRERES,16,39.444951306888505,-0.37145106171169645,190.5,False
103,MALILLA,QUATRE CARRERES,17,39.44764624041348,-0.38192037954183417,70.5,False
103,MALILLA,QUATRE CARRERES,18,39.44764624041348,-0.37843060693178826,72.4,False
103,MALILLA,QUATRE CARRERES,19,39.44764624041348,-0.37494083432174236,71.3,False
103,MALILLA,QUATRE CARRERES,20,39.44764624041348,-0.37145106171169645,32.7,False
103,MALILLA,QUATRE CARRERES,21,39.45034117393845,-0.38192037954183417,63.7,False
103,MALILLA,QUATRE CARRERES,22,39.45034117393845,-0.37843060693178826,28.9,False
103,MALILLA,QUATRE CARRERES,23,39.45034117393845,-0.37494083432174236,20.2,False
103,MALILLA,QUATRE CARRERES,24,39.45034117393845,-0.37145106171169645,7.2,False
103,MALILLA,QUATRE CARRERES,25,39.45303610746342,-0.37843060693178826,21.6,False
103,MALILLA,QUATRE CARRERES,26,39.45303610746342,-0.37494083432174236,18.3,False
103,MALILLA,QUATRE CARRERES,27,39.45573104098839,-0.37843060693178826,95.3,False
111,EL GRAU,POBLATS MARÍTIMS,0,39.4241320157938,-0.31523159178786503,1650.3,True
111,EL GRAU,POBLATS MARÍTIMS,1,39.42682694931877,-0.332680204859011,551.5,True
111,EL GRAU,POBLATS MARÍTIMS,2,39.42682694931877,-0.3257007596305526,908.3,True
111,EL GRAU,POBLATS MARÍTIMS,3,39.42682694931877,-0.3222110370163234,1164.1,True
111,EL GRAU,POBLATS MARÍTIMS,4,39.42682694931877,-0.3187213144020942,1436.9,True
111,EL GRAU,POBLATS MARÍTIMS,5,39.42682694931877,-0.31523159178786503,1718.8,True
111,EL GRAU,POBLATS MARÍTIMS,6,39.42682694931877,-0.31174186917363583,2005.8,True
111,EL GRAU,POBLATS MARÍTIMS,7,39.429521882843744,-0.332680204859011,837.7,True
111,EL GRAU,POBLATS MARÍTIMS,8,39.429521882843744,-0.3291904822447818,940.7,True
111,EL GRAU,POBLATS MARÍTIMS,9,39.429521882843744,-0.3257007596305526,1111.4,True
111,EL GRAU,POBLATS MARÍTIMS,10,39.429521882843744,-0.3222110370163234,1328.6,True
111,EL GRAU,POBLATS MARÍTIMS,11,39.429521882843744,-0.3187213144020942,1573.2,True
111,EL GRAU,POBLATS MARÍTIMS,12,39.429521882843744,-0.31523159178786503,1834.2,True
111,EL GRAU,POBLATS MARÍTIMS,13,39.429521882843744,-0.31174186917363583,2105.6,True
111,EL GRAU,POBLATS MARÍTIMS,14,39.432216816368715,-0.3361699274732402,973.8,True
111,EL GRAU,POBLATS MARÍTIMS,15,39.432216816368715,-0.332680204859011,1128.1,True
111,EL GRAU,POBLATS MARÍTIMS,16,39.432216816368715,-0.3291904822447818,1214.4,True
111,EL GRAU,POBLATS MARÍTIMS,17,39.432216816368715,-0.3257007596305526,1351.0,True
111,EL GRAU,POBLATS MARÍTIMS,18,39.432216816368715,-0.3222110370163234,1534.6,True
111,EL GRAU,POBLATS MARÍTIMS,19,39.432216816368715,-0.31174186917363583,2241.2,True
111,EL GRAU,POBLATS MARÍTIMS,20,39.434911749893686,-0.3361699274732402,990.6,True
111,EL GRAU,POBLATS MARÍTIMS,21,39.434911749893686,-0.332680204859011,967.3,True
111,EL GRAU,POBLATS MARÍTIMS,22,39.43760668341866,-0.332680204859011,668.9,True
111,EL GRAU,POBLATS MARÍTIMS,23,39.44030161694363,-0.332680204859011,372.5,True
111,EL GRAU,POBLATS MARÍTIMS,24,39.44030161694363,-0.3291904822447818,522.3,True
111,EL GRAU,POBLATS MARÍTIMS,25,39.44030161694363,-0.3257007596305526,765.8,True
111,EL GRAU,POBLATS MARÍTIMS,26,39.44030161694363,-0.3222110370163234,1021.8,True
111,EL GRAU,POBLATS MARÍTIMS,27,39.4429965504686,-0.3291904822447818,379.2,True
111,EL GRAU,POBLATS MARÍTIMS,28,39.4429965504686,-0.3222110370163234,841.2,True
111,EL GRAU,POBLATS MARÍTIMS,29,39.4429965504686,-0.31174186917363583,1683.8,True
111,EL GRAU,POBLATS MARÍTIMS,30,39.44569148399357,-0.3257007596305526,448.2,True
111,EL GRAU,POBLATS MARÍTIMS,31,39.44838641751854,-0.3257007596305526,471.4,True
111,EL GRAU,POBLATS MARÍTIMS,32,39.44838641751854,-0.31523159178786503,1346.2,True
111,EL GRAU,POBLATS MARÍTIMS,33,39.44838641751854,-0.30476242394517744,2113.6,True
111,EL GRAU,POBLATS MARÍTIMS,34,39.45108135104351,-0.3291904822447818,273.9,True
111,EL GRAU,POBLATS MARÍTIMS,35,39.45108135104351,-0.3257007596305526,540.8,True
111,EL GRAU,POBLATS MARÍTIMS,36,39.45108135104351,-0.31523159178786503,1377.4,True
111,EL GRAU,POBLATS MARÍTIMS,37,39.45108135104351,-0.31174186917363583,1512.7,True
111,EL GRAU,POBLATS MARÍTIMS,38,39.453776284568484,-0.3291904822447818,331.7,True
111,EL GRAU,POBLATS MARÍTIMS,39,39.453776284568484,-0.3257007596305526,502.1,True
111,EL GRAU,POBLATS MARÍTIMS,40,39.453776284568484,-0.3187213144020942,1000.4,True
111,EL GRAU,POBLATS MARÍTIMS,41,39.453776284568484,-0.31523159178786503,1103.9,True
111,EL GRAU,POBLATS MARÍTIMS,42,39.456471218093455,-0.3396596500874694,184.1,False
111,EL GRAU,POBLATS MARÍTIMS,43,39.456471218093455,-0.3361699274732402,221.0,False
111,EL GRAU,POBLATS MARÍTIMS,44,39.456471218093455,-0.332680204859011,187.2,False
111,EL GRAU,POBLATS MARÍTIMS,45,39.456471218093455,-0.3291904822447818,89.6,False
111,EL GRAU,POBLATS MARÍTIMS,46,39.456471218093455,-0.3187213144020942,712.6,True
111,EL GRAU,POBLATS MARÍTIMS,47,39.459166151618426,-0.3396596500874694,38.2,False
111,EL GRAU,POBLATS MARÍTIMS,48,39.459166151618426,-0.3361699274732402,34.1,False
111,EL GRAU,POBLATS MARÍTIMS,49,39.459166151618426,-0.332680204859011,75.8,False
111,EL GRAU,POBLATS MARÍTIMS,50,39.459166151618426,-0.3222110370163234,338.1,True
111,EL GRAU,POBLATS MARÍTIMS,51,39.459166151618426,-0.3187213144020942,433.9,True
111,EL GRAU,POBLATS MARÍTIMS,52,39.4618610851434,-0.3361699274732402,24.3,False
111,EL GRAU,POBLATS MARÍTIMS,53,39.4618610851434,-0.332680204859011,29.2,False
111,EL GRAU,POBLATS MARÍTIMS,54,39.4618610851434,-0.3291904822447818,50.4,False
111,EL GRAU,POBLATS MARÍTIMS,55,39.4618610851434,-0.3257007596305526,73.3,False
111,EL GRAU,POBLATS MARÍTIMS,56,39.4618610851434,-0.3222110370163234,61.0,False
142,CAMI DE VERA,BENIMACLET,0,39.48290160749022,-0.35153084033212956,134.4,False
142,CAMI DE VERA,BENIMACLET,1,39.48559654101519,-0.35153084033212956,215.0,False
142,CAMI DE VERA,BENIMACLET,2,39.48559654101519,-0.3480389298467866,511.5,True
142,CAMI DE VERA,BENIMACLET,3,39.48829147454016,-0.35502275081747253,90.6,False
142,CAMI DE VERA,BENIMACLET,4,39.48829147454016,-0.35153084033212956,288.5,True
142,CAMI DE VERA,BENIMACLET,5,39.48829147454016,-0.3480389298467866,581.2,True
142,CAMI DE VERA,BENIMACLET,6,39.49098640806513,-0.3585146613028155,106.9,False
142,CAMI DE VERA,BENIMACLET,7,39.49098640806513,-0.35502275081747253,118.2,False
74,LA FONTSANTA,L'OLIVERETA,0,39.46447341962797,-0.4111849478069112,115.4,False
74,LA FONTSANTA,L'OLIVERETA,1,39.46447341962797,-0.4076940979093397,58.6,False
74,LA FONTSANTA,L'OLIVERETA,2,39.46716835315294,-0.4076940979093397,19.2,False
74,LA FONTSANTA,L'OLIVERETA,3,39.46986328667791,-0.4076940979093397,89.9,False
